id,name,experience,phone_number
1,Raquela,2,6267305974
2,Bibby,2,2442562653
3,Brandise,50,0290376282
4,Isa,50,6317286597
5,Caritta,50,5811879723
6,Merci,4,6603583928
7,Joane,2,8492195099
8,Mireielle,4,4194107679
9,Ardys,4,3034267490
10,Aili,1,7385346958
11,Alisha,3,1369238402
12,Annabela,2,6283951773
13,Gabi,50,0379215370
14,Henriette,50,4702520658
15,Iseabal,4,3696778977
16,Albertina,1,2384203497
17,Leia,3,2978959283
18,Loree,3,9949247968
19,Dorene,50,0821938200
20,Bertine,50,0755356369
21,Lynde,1,9337485343
22,Tilly,4,4207699966
23,Sandie,50,3566561901
24,Consuela,4,6346005103
25,Rosaline,3,0284362503
26,Dale,2,6081823680
27,Cristine,3,9441686446
28,Tami,50,0350476970
29,Brana,3,2398866225
30,Candy,2,8530736847
31,Romona,1,0051714674
32,June,50,1640467155
33,Penelopa,50,1033854127
34,Laurene,1,6303306874
35,Kaja,3,6054452504
36,Farrah,2,7887453872
37,Alex,1,6969104007
38,Rozele,3,0292208007
39,Maridel,50,6896639964
40,Shaylyn,1,9278227154
41,Tera,4,7461082613
42,Asia,50,9950324451
43,Constance,50,0046923128
44,Benita,3,9201061207
45,Augustine,2,0955372173
46,Danika,3,4646606814
47,Halette,2,1354079559
48,Lauryn,4,0642010449
49,Vere,50,0868006597
50,Frank,4,3915127386